{"coverage": 94.4186046511628, "raw_data": {"meta": {"format": 2, "version": "7.4.3", "timestamp": "2025-12-03T16:21:43.700228", "branch_coverage": false, "show_contexts": false}, "files": {"httpxthrottlecache/__init__.py": {"executed_lines": [1, 2, 4, 7], "summary": {"covered_lines": 4, "num_statements": 4, "percent_covered": 100.0, "percent_covered_display": "100", "missing_lines": 0, "excluded_lines": 0}, "missing_lines": [], "excluded_lines": []}, "httpxthrottlecache/_version.py": {"executed_lines": [1, 3, 4], "summary": {"covered_lines": 3, "num_statements": 3, "percent_covered": 100.0, "percent_covered_display": "100", "missing_lines": 0, "excluded_lines": 2}, "missing_lines": [], "excluded_lines": [5, 6]}, "httpxthrottlecache/controller.py": {"executed_lines": [1, 2, 3, 5, 8, 11, 12, 13, 15, 17, 20, 21, 22, 23, 25, 28, 31, 33, 34, 35, 37], "summary": {"covered_lines": 21, "num_statements": 21, "percent_covered": 100.0, "percent_covered_display": "100", "missing_lines": 0, "excluded_lines": 0}, "missing_lines": [], "excluded_lines": []}, "httpxthrottlecache/filecache/transport.py": {"executed_lines": [1, 6, 7, 8, 9, 10, 11, 12, 13, 15, 16, 17, 19, 21, 24, 25, 28, 29, 39, 47, 51, 59, 64, 65, 66, 67, 68, 69, 71, 72, 74, 75, 76, 80, 81, 82, 83, 84, 85, 86, 88, 91, 93, 94, 95, 97, 98, 99, 100, 102, 103, 104, 107, 108, 109, 111, 112, 114, 115, 118, 119, 120, 122, 123, 124, 125, 126, 127, 128, 130, 132, 133, 137, 138, 140, 141, 143, 144, 146, 147, 148, 149, 150, 151, 152, 153, 154, 155, 160, 164, 165, 168, 169, 170, 172, 173, 174, 175, 176, 177, 178, 180, 182, 183, 184, 186, 189, 190, 191, 192, 193, 194, 195, 196, 198, 200, 201, 205, 206, 207, 208, 209, 210, 211, 212, 213, 214, 215, 219, 221, 222, 224, 225, 226, 228, 229, 232, 233, 234, 236, 237, 238, 244, 245, 246, 248, 254, 255, 256, 258, 259, 260, 262, 268, 269, 270, 271, 273, 275, 290, 291, 292, 294, 299, 300, 310, 311, 312, 313, 315, 317, 318, 319, 321, 322, 323, 324, 328, 330, 331, 332, 334, 335, 336, 338, 339, 340, 341, 342, 344, 345, 346, 348, 349, 351, 352, 353, 355, 356, 357, 359, 360, 361, 362, 363, 365, 366], "summary": {"covered_lines": 205, "num_statements": 221, "percent_covered": 92.76018099547511, "percent_covered_display": "93", "missing_lines": 16, "excluded_lines": 13}, "missing_lines": [36, 37, 40, 41, 42, 43, 44, 45, 52, 53, 54, 55, 56, 57, 283, 326], "excluded_lines": [48, 49, 60, 61, 77, 78, 105, 112, 113, 135, 161, 162, 203]}, "httpxthrottlecache/httpxclientmanager.py": {"executed_lines": [1, 2, 3, 4, 5, 6, 7, 8, 9, 10, 12, 13, 14, 16, 17, 19, 21, 24, 25, 26, 35, 39, 40, 41, 42, 43, 44, 46, 47, 48, 50, 52, 54, 56, 57, 60, 63, 64, 68, 69, 71, 72, 73, 74, 75, 77, 78, 82, 89, 92, 93, 94, 96, 98, 99, 100, 102, 103, 105, 109, 132, 134, 135, 136, 138, 140, 141, 142, 143, 144, 145, 146, 147, 148, 150, 154, 155, 157, 159, 160, 162, 163, 164, 166, 168, 169, 171, 172, 175, 176, 177, 179, 181, 182, 185, 187, 189, 190, 191, 192, 194, 195, 197, 199, 200, 201, 202, 203, 207, 209, 210, 219, 220, 221, 223, 224, 226, 232, 233, 234, 236, 238, 239, 240, 241, 242, 243, 247, 256, 257, 258, 260, 262, 263, 264, 265, 266, 267, 271, 272, 274, 275], "summary": {"covered_lines": 141, "num_statements": 149, "percent_covered": 94.63087248322148, "percent_covered_display": "95", "missing_lines": 8, "excluded_lines": 0}, "missing_lines": [58, 59, 80, 90, 107, 152, 245, 269], "excluded_lines": []}, "httpxthrottlecache/ratelimiter.py": {"executed_lines": [1, 5, 6, 8, 9, 11, 14, 15, 16, 18, 20, 22, 24, 27, 28, 29, 30, 32, 35, 36, 39, 41, 42, 45, 46, 47, 48, 50, 51, 52, 55, 57, 58], "summary": {"covered_lines": 32, "num_statements": 32, "percent_covered": 100.0, "percent_covered_display": "100", "missing_lines": 0, "excluded_lines": 2}, "missing_lines": [], "excluded_lines": [37, 53]}}, "totals": {"covered_lines": 406, "num_statements": 430, "percent_covered": 94.4186046511628, "percent_covered_display": "94", "missing_lines": 24, "excluded_lines": 17}}, "coverage_path": "."}